ENGLISH/INTERNAL,TO TRANSLATE,COMMENT/CONTEXT
%@ working days,%@ jours ouvrables,
%ldx%ld Collage,%ldx%ld  pêle-mêle,
1 day,1 jour,
Add %ld %@!,Ajouter ,
Add a %@!,Ajouter ,
Add a photo\non this side,Ajouter une photo de ce côté,
Add another %@!,Ajouter %@! Supplémentaire,
Add Credit Card,Ajouter une carte de paiement,
Add Credit Card (TEST),Ajouter une carte de paiement (TEST),
Add Text,Ajouter du texte,
All Photos,Toutes les photos,
Alternatively type the following URL into your mobile browser's address bar,Ou tapez cette URL dans la barre d'adresse du navigateur,
Are you sure you want to delete this item?,Souhaitez-vous supprimer cet élément?,
Are you sure?,Êtes-vous sûr?,
Authorise,OK,
BACK,Retour,
Back Image Is Too Small,Image trop petite,
Checkout,Payer,
Choose Photo,Choisir une photo,
cm,cm,
Completed Orders,Mes commandes,
Create a %@ for\nonly %@ %@,Créez un(e)  %@ pour %@ %@ de plus,
Create a pack for\nonly %@ %@,Créez un(e)  %@ pour %@ %@ de plus,
Create another %@ for\nonly %@ %@,Créez un(e)  %@ pour %@ %@ de plus,
Create another pack for\nonly %@ %@,Créez un(e)  %@ pour %@ %@ de plus,
Create Image,Créez une image,
Crop,Rogner,
CVV,Code de sécurité,
Default,Par défaut,
Delete Item,Supprimer,
Description,Description,
Discard Edits,Supprimer les modifications,
Do you want to log out of %@?,Se déconnecter de %@?,
Do you want to remove this photo?,Supprimer cette photo?,
End Session,Se déconnecter,
Enter a valid card number,Numéro de carte non valide,
Error validating the order. Please try again later.,Une erreur est survenue. Veuillez réessayer ultérieurement.,
Failed to download phone case mask. Please check your internet connectivity and try again,Erreur de téléchargement. Vérifiez votre connection internet et réessayez.,
Failed to get upload URL. Try again later.,Une erreur est survenue. Veuillez réessayer ultérieurement.,
Failed to log in to Instagram. Please check your internet connectivity and try again,Echec de connexion. Vérifiez votre connection internet et réessayez.,
"Failed to validate card details, please try again.",Une erreur est survenue. Veuillez réessayer ultérieurement.,
Filters,Filtres,
Flip,Retourner,
Fonts,Polices,
For only %@ extra,Pour %@ de plus,
FREE,Gratuit,
From,De,
FRONT,Avant,
Great gifts for all the family,Cadeaux idéals pour toute la famille,
IMAGE TOOLS,Outils,
Image upload failed with a %lu HTTP response status code. Please try again.,Erreur de téléchargement. Vérifiez votre connection internet et réessayez.,
inches,N/A => please speak in cm,
Large,Grand,
Let's pick\nan image!,Choisir une photo,
Log In,Connexion,
Log out,Déconnexion,
Login,Identifiant,
Maximum Photos Reached,Nombre maximum de photos atteint,
Medium,Moyen,
MM/YY,MM/AA,
MORE ITEMS\nCOMING SOON!,Nouveautés bientôt disponibles !,
No,Non,
No Thanks,Non merci,
"No, keep it",Non merci,
Not now,Pas maintenant,
OOPS\nSOMETHING WENT WRONG\n PLEASE RETRY BELOW,Oops ! Une erreur est survenue. Veuillez réessayer,
Or print on a product below â–¼,Ou imprimez sur l'un des produits ci-dessous,
Order History,Historique de commande,
Pack of,Lot de,
Photo Library,Galerie photos,
Please add %d more.,Ajoutez %d photos,
Please add some photos,Ajoutez des photos,
Please enter your first and last name.,Complétez vos prénom et nom,
Please fill in Line 1 of the address.,Complétez votre adresse,
Please fill in your city.,Complétez votre ville,
Please fill in your postal code.,Complétez votre code postal,
Please scan the QR code using a QR reader app on your device.,Scannez le QR code avec votre lecteur,
Please select %d images.,Choisissez %d images,
Please select %ld photos,Choisissez %d images,
Please select at least %d images.,Choisissez au moins %d images,
Please select no more than %d images.,Choisissez %d images maximum,
Please select only %ld photo,Choisissez %ld images,
Please select some images.,Choisissez des images,
Please select up to %ld photos,Choisissez %ld images maximum,
PRINT AT HOME,Imprimez chez vous,
Print It Anyway,Imprimez,
Print Shop,Print Shop,
Privacy Policy,Politique de confidentialité,
PRODUCT OPTIONS,Options,
Promotional Discount,Promotion,
Receipt,Facture,
Recents,Récent,
Remove?,Supprimer ?,
Rotate,Rotation,
Save as Copy,Enregistrer une copie,
Scan QR Code,Scannez le QR code,
Select Size,Sélectionner la taille,
Shipping Method,Mode de livraison,
Small,Petit,
Start by tapping this button,Démarrez ici,
Start Creating,Démarrez,
Swipe to rotate your mug,Cliquez pour faire pivoter le mug,
Tap image to change,Cliquez sur l'image pour en changer,
Tap image to change or hold to move,Cliquez sur l'image pour en changer ou maintenez appuyé pour déplacer,
Tap image to edit,Cliquez sur l'image pour la modifier,
Tap image to edit or hold to move,Cliquez sur l'image pour la modifier ou maintenez appuyé pour déplacer,
Tap on this button,Cliquez ici,
Text Colour,Couleur du texte,
TEXT TOOLS,Outils texte,
There was a problem getting Print Shop products. Check your Internet connectivity or try again later.,Une erreur est survenue. Vérifiez votre connection internet et réessayez.,
There was an error getting one of your photos. Please remove or replace it.,Erreur de téléchargement. Veuillez supprimer ou remplacer votre photo,
There was an error trying to validate the card. Please try again later.,Probème de validation de carte. Veuillez réessayer ultérieurement,
This will discard your edits.,Cela va supprimer vos modifications,
"This will log out of any accounts, clear selected photos and start over","Vous allez être déconnecté, votre sélection sera effacée et vous pourrez recommencer",
Tracked,Suivi,
Uploading book,Chargement,
View Item,Afficher,
WE HAVE RECEIVED\nYOUR ORDER,Nous avons reçu \n votre commande,
We need access to your %@ photos,Nous avons besoin d'accéder à vos photos %@,/* Example: We need access to your iPhone photos */
Yes,oui,
Yes Please,oui,
"Yes, remove it","oui, supprimer",
You need to authorize the app to access your Instagram account if you want to import photos from there.,Autoriser l'application à accéder à votre compte Instagram pour importer les photos.,
You've only selected %d photo.,Seulement %d photo sélectionné,
You've only selected %d photos.,Seulement %d photos sélectionnées,
Your Phone,Votre téléphone,
